/*
SQLyog Community v13.0.1 (64 bit)
MySQL - 5.7.21 : Database - fotodeteccionesbd
*********************************************************************
*/

/*!40101 SET NAMES utf8 */;

/*!40101 SET SQL_MODE=''*/;

/*!40014 SET @OLD_UNIQUE_CHECKS=@@UNIQUE_CHECKS, UNIQUE_CHECKS=0 */;
/*!40014 SET @OLD_FOREIGN_KEY_CHECKS=@@FOREIGN_KEY_CHECKS, FOREIGN_KEY_CHECKS=0 */;
/*!40101 SET @OLD_SQL_MODE=@@SQL_MODE, SQL_MODE='NO_AUTO_VALUE_ON_ZERO' */;
/*!40111 SET @OLD_SQL_NOTES=@@SQL_NOTES, SQL_NOTES=0 */;
CREATE DATABASE /*!32312 IF NOT EXISTS*/`fotodeteccionesbd` /*!40100 DEFAULT CHARACTER SET utf8 */;

USE `fotodeteccionesbd`;

/*Table structure for table `fotodetecciones` */

DROP TABLE IF EXISTS `fotodetecciones`;

CREATE TABLE `fotodetecciones` (
  `fecha` timestamp NOT NULL,
  `velocidad` int(11) NOT NULL,
  `Vehiculos_placa` varchar(20) NOT NULL,
  `Lugares_id` int(11) NOT NULL,
  PRIMARY KEY (`fecha`,`Vehiculos_placa`,`Lugares_id`),
  KEY `fk_fotodetecciones_Vehiculos_idx` (`Vehiculos_placa`),
  KEY `fk_fotodetecciones_Lugares1_idx` (`Lugares_id`),
  CONSTRAINT `fk_fotodetecciones_Lugares1` FOREIGN KEY (`Lugares_id`) REFERENCES `lugares` (`id`) ON DELETE NO ACTION ON UPDATE NO ACTION,
  CONSTRAINT `fk_fotodetecciones_Vehiculos` FOREIGN KEY (`Vehiculos_placa`) REFERENCES `vehiculos` (`placa`) ON DELETE NO ACTION ON UPDATE NO ACTION
) ENGINE=InnoDB DEFAULT CHARSET=utf8;

/*Data for the table `fotodetecciones` */

insert  into `fotodetecciones`(`fecha`,`velocidad`,`Vehiculos_placa`,`Lugares_id`) values 
('2018-10-29 15:28:30',96,'AAA222',9),
('2018-10-29 15:28:31',96,'AAA444',9),
('2018-10-29 15:28:32',86,'BBB555',7),
('2018-10-29 15:28:32',94,'CCC444',2),
('2018-10-29 15:28:33',96,'AAA333',0),
('2018-10-29 15:28:34',82,'BBB333',1),
('2018-10-29 15:28:34',95,'CCC555',5),
('2018-10-29 15:28:35',92,'AAA444',7),
('2018-10-29 15:28:35',86,'CCC222',6),
('2018-10-29 15:28:35',88,'CCC555',2),
('2018-10-29 15:28:36',96,'AAA333',4),
('2018-10-29 15:28:36',87,'CCC222',4),
('2018-10-29 15:28:37',88,'CCC111',1),
('2018-10-29 15:28:38',96,'CCC222',3),
('2018-10-29 15:28:39',81,'CCC333',0),
('2018-10-29 15:28:40',92,'AAA111',4),
('2018-10-29 15:28:40',82,'AAA222',6),
('2018-10-29 15:28:40',91,'AAA333',1),
('2018-10-29 15:28:40',94,'AAA333',9),
('2018-10-29 15:28:40',90,'BBB222',6),
('2018-10-29 15:28:40',80,'BBB444',8),
('2018-10-29 15:28:41',94,'AAA222',3),
('2018-10-29 15:28:41',82,'AAA555',6),
('2018-10-29 15:28:41',95,'CCC444',2),
('2018-10-29 15:28:42',82,'AAA555',6),
('2018-10-29 15:28:42',80,'BBB444',5),
('2018-10-29 15:28:42',80,'CCC555',9),
('2018-10-29 15:28:43',88,'AAA444',0),
('2018-10-29 15:28:44',80,'AAA555',6),
('2018-10-29 15:28:44',88,'BBB555',8),
('2018-10-29 15:28:45',96,'BBB222',7),
('2018-10-29 15:28:46',94,'AAA444',5),
('2018-10-29 15:28:47',97,'AAA444',4),
('2018-10-29 15:28:47',91,'CCC333',1),
('2018-10-29 15:28:48',90,'BBB222',5),
('2018-10-29 15:28:48',85,'BBB333',3),
('2018-10-29 15:28:48',86,'CCC444',9),
('2018-10-29 15:28:49',90,'AAA333',0),
('2018-10-29 15:28:49',82,'AAA333',9),
('2018-10-29 15:28:49',90,'BBB333',8),
('2018-10-29 15:28:49',82,'CCC333',5),
('2018-10-29 15:28:50',95,'AAA222',7),
('2018-10-29 15:28:50',92,'BBB333',3),
('2018-10-29 15:28:50',97,'CCC444',6),
('2018-10-29 15:28:50',89,'CCC555',1),
('2018-10-29 15:28:51',95,'AAA222',5),
('2018-10-29 15:28:51',88,'AAA333',7),
('2018-10-29 15:28:52',83,'AAA333',2),
('2018-10-29 15:28:53',96,'CCC111',4),
('2018-10-29 15:28:54',95,'AAA111',8),
('2018-10-29 15:28:55',95,'BBB444',8),
('2018-10-29 15:28:56',92,'BBB555',5),
('2018-10-29 15:28:57',90,'CCC222',1),
('2018-10-29 15:28:58',87,'BBB111',9),
('2018-10-29 15:28:58',99,'CCC555',0),
('2018-10-29 15:28:59',92,'CCC555',4),
('2018-10-29 15:29:00',99,'CCC111',4),
('2018-10-29 15:29:00',89,'CCC222',0),
('2018-10-29 15:29:01',90,'CCC555',5),
('2018-10-29 15:29:02',90,'AAA333',7),
('2018-10-29 15:29:03',96,'AAA333',4),
('2018-10-29 15:29:03',91,'CCC222',4),
('2018-10-29 15:29:04',82,'AAA555',8),
('2018-10-29 15:29:04',96,'BBB111',1),
('2018-10-29 15:29:04',85,'BBB555',4),
('2018-10-29 15:29:05',83,'BBB555',2),
('2018-10-29 15:29:06',91,'BBB555',2),
('2018-10-29 15:29:07',92,'BBB111',4),
('2018-10-29 15:29:07',97,'CCC111',5),
('2018-10-29 15:29:08',81,'CCC222',3),
('2018-10-29 15:29:09',89,'AAA222',2),
('2018-10-29 15:29:10',89,'AAA222',7),
('2018-10-29 15:29:10',80,'BBB333',3),
('2018-10-29 15:29:10',90,'BBB555',2),
('2018-10-29 15:29:10',95,'CCC222',6),
('2018-10-29 15:29:10',89,'CCC555',7),
('2018-10-29 15:29:10',84,'CCC555',9),
('2018-10-29 15:29:11',91,'AAA333',5),
('2018-10-29 15:29:12',81,'AAA222',8),
('2018-10-29 15:29:13',91,'AAA555',4),
('2018-10-29 15:29:14',88,'BBB555',5),
('2018-10-29 15:29:15',96,'BBB111',3),
('2018-10-29 15:29:15',95,'BBB111',5),
('2018-10-29 15:29:16',81,'BBB333',0),
('2018-10-29 15:29:17',88,'AAA555',8),
('2018-10-29 15:29:17',96,'CCC333',2),
('2018-10-29 15:29:17',100,'CCC333',8),
('2018-10-29 15:29:18',99,'AAA333',0),
('2018-10-29 15:29:19',83,'AAA555',7),
('2018-10-29 15:29:20',94,'AAA111',1),
('2018-10-29 15:29:20',88,'CCC333',2),
('2018-10-29 15:29:20',86,'CCC444',5),
('2018-10-29 15:29:21',89,'AAA555',6),
('2018-10-29 15:29:22',81,'CCC222',9),
('2018-10-29 15:29:23',83,'AAA555',9),
('2018-10-29 15:29:24',88,'AAA333',9),
('2018-10-29 15:29:24',81,'BBB111',7),
('2018-10-29 15:29:25',93,'AAA444',1),
('2018-10-29 15:29:26',85,'AAA222',5),
('2018-10-29 15:29:27',85,'CCC555',0),
('2018-10-30 02:09:28',98,'BBB555',2),
('2018-10-30 02:09:28',88,'CCC111',2),
('2018-10-30 02:09:28',88,'CCC444',3),
('2018-10-30 02:09:29',82,'BBB444',3),
('2018-10-30 02:09:29',100,'CCC222',5),
('2018-10-30 02:09:30',95,'BBB111',3),
('2018-10-30 02:09:30',86,'CCC333',5),
('2018-10-30 02:09:31',100,'CCC555',3),
('2018-10-30 02:09:32',97,'BBB444',1),
('2018-10-30 02:09:32',87,'BBB444',5),
('2018-10-30 02:09:32',91,'BBB555',2),
('2018-10-30 02:09:32',90,'CCC111',8),
('2018-10-30 02:09:33',94,'AAA333',0),
('2018-10-30 02:09:33',91,'BBB333',2),
('2018-10-30 02:09:33',90,'CCC111',6),
('2018-10-30 02:09:33',98,'CCC444',3),
('2018-10-30 02:09:34',88,'AAA111',0),
('2018-10-30 02:09:35',97,'BBB111',2),
('2018-10-30 02:09:35',95,'BBB333',1),
('2018-10-30 02:09:35',85,'CCC555',0),
('2018-10-30 02:09:36',93,'AAA333',4),
('2018-10-30 02:09:36',85,'AAA333',6),
('2018-10-30 02:09:37',81,'AAA222',3),
('2018-10-30 02:09:38',87,'CCC111',9),
('2018-10-30 02:09:39',86,'BBB333',4),
('2018-10-30 02:09:40',98,'AAA555',9),
('2018-10-30 02:09:41',82,'AAA333',6),
('2018-10-30 02:09:41',99,'BBB111',3),
('2018-10-30 02:09:41',94,'CCC444',2),
('2018-10-30 02:09:42',88,'AAA555',1),
('2018-10-30 02:09:43',97,'BBB333',3),
('2018-10-30 02:09:44',83,'AAA444',2),
('2018-10-30 02:09:45',93,'AAA111',0),
('2018-10-30 02:09:45',98,'AAA555',6),
('2018-10-30 02:09:46',95,'CCC111',6),
('2018-10-30 02:09:46',81,'CCC333',8),
('2018-10-30 02:09:47',91,'CCC333',2),
('2018-10-30 02:09:48',95,'AAA222',0),
('2018-10-30 02:09:48',93,'AAA333',0),
('2018-10-30 02:09:48',96,'AAA555',3),
('2018-10-30 02:09:48',97,'BBB444',1),
('2018-10-30 02:09:48',90,'CCC444',4),
('2018-10-30 02:09:48',93,'CCC444',9),
('2018-10-30 02:09:49',100,'BBB555',8),
('2018-10-30 02:09:50',99,'CCC333',9),
('2018-10-30 02:09:51',97,'AAA222',2),
('2018-10-30 02:09:51',92,'BBB222',6),
('2018-10-30 02:09:51',98,'BBB444',2),
('2018-10-30 02:09:51',83,'CCC444',0),
('2018-10-30 02:09:51',83,'CCC555',8),
('2018-10-30 02:09:52',90,'AAA333',2),
('2018-10-30 02:09:52',96,'AAA555',2),
('2018-10-30 02:09:52',92,'CCC222',0),
('2018-10-30 02:09:53',95,'CCC111',3),
('2018-10-30 02:09:54',94,'BBB111',6),
('2018-10-30 02:09:55',95,'BBB555',2),
('2018-10-30 02:09:55',95,'CCC444',2),
('2018-10-30 02:09:56',88,'AAA555',5),
('2018-10-30 02:09:57',99,'BBB111',9),
('2018-10-30 02:09:57',85,'BBB222',9),
('2018-10-30 02:09:57',80,'CCC555',5),
('2018-10-30 02:09:58',81,'AAA555',1),
('2018-10-30 02:09:59',97,'AAA333',3),
('2018-10-30 02:09:59',93,'BBB444',3),
('2018-10-30 02:10:00',84,'AAA222',8),
('2018-10-30 02:10:01',85,'BBB444',1),
('2018-10-30 02:10:02',82,'CCC333',4),
('2018-10-30 02:10:03',80,'CCC111',7),
('2018-10-30 02:10:03',95,'CCC333',2),
('2018-10-30 02:10:04',99,'AAA444',1),
('2018-10-30 02:10:04',82,'BBB222',0),
('2018-10-30 02:10:04',91,'BBB222',1),
('2018-10-30 02:10:04',94,'BBB333',8),
('2018-10-30 02:10:04',91,'CCC111',9),
('2018-10-30 02:10:05',91,'BBB111',7),
('2018-10-30 02:10:06',98,'BBB444',4),
('2018-10-30 02:10:06',97,'CCC444',8),
('2018-10-30 02:10:07',81,'CCC222',0),
('2018-10-30 02:10:08',100,'AAA111',4),
('2018-10-30 02:10:08',82,'AAA444',7),
('2018-10-30 02:10:09',82,'AAA555',4),
('2018-10-30 02:10:09',100,'BBB555',4),
('2018-10-30 02:10:10',100,'BBB111',2),
('2018-10-30 02:10:10',85,'BBB444',3),
('2018-10-30 02:10:11',84,'CCC333',7),
('2018-10-30 02:10:12',84,'AAA555',5),
('2018-10-30 02:10:12',83,'CCC222',8),
('2018-10-30 02:10:12',89,'CCC333',8),
('2018-10-30 02:10:13',96,'AAA333',4),
('2018-10-30 02:10:13',96,'BBB111',5),
('2018-10-30 02:10:13',85,'BBB333',6),
('2018-10-30 02:10:13',100,'BBB333',7),
('2018-10-30 02:10:13',86,'BBB444',4),
('2018-10-30 02:10:14',99,'AAA111',8),
('2018-10-30 02:10:14',89,'AAA111',9),
('2018-10-30 02:10:14',87,'BBB222',3),
('2018-10-30 02:10:14',83,'BBB444',4),
('2018-10-30 02:10:15',85,'BBB222',7),
('2018-10-30 02:10:15',82,'CCC444',2),
('2018-10-30 02:10:15',81,'CCC555',8),
('2018-10-30 21:04:17',90,'AAA222',7),
('2018-10-30 21:04:17',87,'BBB111',1),
('2018-10-30 21:04:17',92,'BBB444',5),
('2018-10-30 21:04:18',86,'AAA222',5),
('2018-10-30 21:04:19',83,'BBB222',3),
('2018-10-30 21:04:19',93,'BBB333',0),
('2018-10-30 21:04:20',80,'AAA333',1),
('2018-10-30 21:04:21',94,'BBB222',8),
('2018-10-30 21:04:22',87,'BBB444',5),
('2018-10-30 21:04:23',86,'BBB555',0),
('2018-10-30 21:04:24',94,'CCC333',5),
('2018-10-30 21:04:25',87,'AAA222',0),
('2018-10-30 21:04:25',85,'CCC444',4),
('2018-10-30 21:04:25',83,'CCC555',1),
('2018-10-30 21:04:26',86,'AAA555',0),
('2018-10-30 21:04:26',90,'BBB444',0),
('2018-10-30 21:04:27',81,'CCC222',1),
('2018-10-30 21:04:27',90,'CCC555',9),
('2018-10-30 21:04:28',91,'CCC111',8),
('2018-10-30 21:04:29',82,'BBB333',2),
('2018-10-30 21:04:30',92,'AAA333',7),
('2018-10-30 21:04:30',93,'CCC444',6),
('2018-10-30 21:04:31',91,'CCC111',7),
('2018-10-30 21:04:32',92,'AAA333',2),
('2018-10-30 21:04:32',99,'BBB222',0),
('2018-10-30 21:04:32',87,'CCC333',6),
('2018-10-30 21:04:33',91,'CCC111',8),
('2018-10-30 21:04:34',93,'CCC444',6),
('2018-10-30 21:04:35',91,'AAA333',4),
('2018-10-30 21:04:35',97,'BBB555',6),
('2018-10-30 21:04:35',98,'CCC444',0),
('2018-10-30 21:04:36',88,'AAA333',9),
('2018-10-30 21:04:36',98,'AAA444',8),
('2018-10-30 21:04:36',93,'BBB444',3),
('2018-10-30 21:04:36',82,'BBB444',5),
('2018-10-30 21:04:36',85,'CCC333',2),
('2018-10-30 21:04:37',93,'AAA111',9),
('2018-10-30 21:04:37',95,'BBB555',8),
('2018-10-30 21:04:37',87,'CCC111',0),
('2018-10-30 21:04:38',100,'AAA555',4),
('2018-10-30 21:04:39',97,'AAA111',1),
('2018-10-30 21:04:39',95,'AAA555',1),
('2018-10-30 21:04:39',92,'BBB444',7),
('2018-10-30 21:04:39',95,'BBB555',1),
('2018-10-30 21:04:39',86,'CCC111',2),
('2018-10-30 21:04:39',86,'CCC333',3),
('2018-10-30 21:04:40',93,'AAA222',3),
('2018-10-30 21:04:41',86,'CCC444',1),
('2018-10-30 21:04:42',95,'CCC555',8),
('2018-10-30 21:04:43',85,'BBB111',3),
('2018-10-30 21:04:43',80,'CCC333',1),
('2018-10-30 21:04:43',82,'CCC555',5),
('2018-10-30 21:04:44',99,'BBB222',0),
('2018-10-30 21:04:44',86,'CCC444',6),
('2018-10-30 21:04:45',83,'BBB222',9),
('2018-10-30 21:04:46',89,'AAA111',2),
('2018-10-30 21:04:47',88,'AAA444',7),
('2018-10-30 21:04:47',91,'BBB444',6),
('2018-10-30 21:04:47',83,'CCC555',8),
('2018-10-30 21:04:48',88,'CCC111',8),
('2018-10-30 21:04:49',92,'BBB555',2),
('2018-10-30 21:04:49',100,'BBB555',4),
('2018-10-30 21:04:50',93,'BBB111',6),
('2018-10-30 21:04:51',81,'BBB333',5),
('2018-10-30 21:04:52',100,'AAA222',6),
('2018-10-30 21:04:53',87,'BBB111',2),
('2018-10-30 21:04:53',80,'CCC555',8),
('2018-10-30 21:04:54',92,'BBB333',0),
('2018-10-30 21:04:54',82,'BBB555',2),
('2018-10-30 21:04:54',100,'CCC444',3),
('2018-10-30 21:04:55',99,'BBB333',2),
('2018-10-30 21:04:55',100,'BBB555',7),
('2018-10-30 21:04:55',84,'CCC333',4),
('2018-10-30 21:04:56',93,'AAA444',6),
('2018-10-30 21:04:56',85,'AAA555',0),
('2018-10-30 21:04:56',95,'BBB333',3),
('2018-10-30 21:04:56',87,'CCC222',9),
('2018-10-30 21:04:57',91,'AAA555',5),
('2018-10-30 21:04:58',99,'AAA111',5),
('2018-10-30 21:04:58',98,'AAA555',9),
('2018-10-30 21:04:58',93,'BBB111',4),
('2018-10-30 21:04:58',98,'CCC222',6),
('2018-10-30 21:04:59',80,'CCC444',8),
('2018-10-30 21:05:00',85,'CCC333',4),
('2018-10-30 21:05:01',83,'AAA333',4),
('2018-10-30 21:05:02',92,'BBB444',8),
('2018-10-30 21:05:03',87,'AAA222',4),
('2018-10-30 21:05:03',93,'BBB333',7),
('2018-10-30 21:05:03',95,'CCC222',2),
('2018-10-30 21:05:03',93,'CCC444',0),
('2018-10-30 21:05:04',88,'AAA444',3),
('2018-10-30 21:05:05',98,'AAA222',1),
('2018-10-30 21:05:05',93,'AAA222',6),
('2018-10-30 21:05:05',82,'AAA333',2),
('2018-10-30 21:05:05',91,'CCC111',3),
('2018-10-30 21:05:05',91,'CCC222',5),
('2018-10-30 21:05:05',90,'CCC222',9),
('2018-10-30 21:05:05',89,'CCC444',5);

/*Table structure for table `lugares` */

DROP TABLE IF EXISTS `lugares`;

CREATE TABLE `lugares` (
  `id` int(11) NOT NULL,
  `nombre` varchar(45) NOT NULL,
  PRIMARY KEY (`id`)
) ENGINE=InnoDB DEFAULT CHARSET=utf8;

/*Data for the table `lugares` */

insert  into `lugares`(`id`,`nombre`) values 
(0,'Manrique'),
(1,'SanJavier'),
(2,'Poblado'),
(3,'Belen'),
(4,'Envigado'),
(5,'Itagui'),
(6,'Guayabal'),
(7,'Calazans'),
(8,'Palmas'),
(9,'Alpes');

/*Table structure for table `vehiculos` */

DROP TABLE IF EXISTS `vehiculos`;

CREATE TABLE `vehiculos` (
  `placa` varchar(20) NOT NULL,
  PRIMARY KEY (`placa`)
) ENGINE=InnoDB DEFAULT CHARSET=utf8;

/*Data for the table `vehiculos` */

insert  into `vehiculos`(`placa`) values 
('AAA111'),
('AAA222'),
('AAA333'),
('AAA444'),
('AAA555'),
('BBB111'),
('BBB222'),
('BBB333'),
('BBB444'),
('BBB555'),
('CCC111'),
('CCC222'),
('CCC333'),
('CCC444'),
('CCC555');

/*!40101 SET SQL_MODE=@OLD_SQL_MODE */;
/*!40014 SET FOREIGN_KEY_CHECKS=@OLD_FOREIGN_KEY_CHECKS */;
/*!40014 SET UNIQUE_CHECKS=@OLD_UNIQUE_CHECKS */;
/*!40111 SET SQL_NOTES=@OLD_SQL_NOTES */;
